country_name,capital_city,currency,official_lang,population,area,continent,largest_city,independence_year,landmarks,national_animals,national_bird,govt_type,dish,Major Religions,leader,driving_side,national_sport,major_fest,influence
Afghanistan,Kabul,AFN,"Dari, Pashto, Turkmen",40218234.0,652230.0,Asia,Kabul,8/19/1919,"['Bamiyan Buddhas', 'Minaret of Jam', ""Kabul's Gardens""]",Snow Leopard,Golden Eagle,Islamic Emirate,"['Kabuli Pilaf', 'Mantu', 'Ashak']",Islam,Hibatullah Akhundzada,right,Buzkashi,Nowruz,C
Albania,Tirana,ALL,Albanian,2837743.0,28748.0,Europe,Tirana,11/28/1912,"['Butrint Archaeological Site', 'Llogara Pass', 'Gjirokastër']",Golden Eagle,Golden Eagle,Republic,"['Tavë Kosi', 'Fërgesë', 'Byrek']",Islam,Bajram Begaj,right,Soccer,Independence Day,C
Algeria,Algiers,DZD,Arabic,44700000.0,2381741.0,Africa,Algiers,7/5/1962,"[""Al Qal'a of Beni Hammad"", 'Kasbah of Algiers', ""Tassili n'Ajjer""]",Fennec Fox,,Republic,"['Couscous', 'Chakchouka', 'Merguez']",Islam,Abdelmadjid Tebboune,right,Soccer,Revolution Day,C
American Samoa,Pago Pago,USD,"English, Samoan",55197.0,199.0,Oceania,Pago Pago,,"['Aunu’u Island', 'Rainmaker Mountain', 'Ofu Beach']",,,Territory (USA),"['Palusami', 'Samoan Oka', 'Sapasui']",Christianity,Lolo Matalasi Moliga,right,American Football,American Samoa Flag Day,C
Andorra,Andorra la Vella,EUR,Catalan,77265.0,468.0,Europe,Andorra la Vella,1278,"['Grandvalira', 'Casa de la Vall', 'Sant Joan de Caselles Church']",,,Parliamentary Co-Principality,"['Trinxat', 'Andorran Cuttlefish', 'Escudella i Carn d’Olla']",Christianity,Xavier Espot,right,Soccer,Our Lady of Meritxell Day,C
Angola,Luanda,AOA,Portuguese,32866268.0,1246700.0,Africa,Luanda,11/11/1975,"['Kalandula Falls', 'Cabo Ledo', 'Tundavala Fissure']",,,Republic,"['Muamba de Galinha', 'Calulu', 'Funge']",Christianity,João Lourenço,right,Basketball,Independence Day,C
Anguilla,The Valley,XCD,English,13452.0,91.0,North America,The Valley,,,,,,,Christianity,Elizabeth II,left,Cricket,Emancipation Day,C
Antarctica,,,,1000.0,14000000.0,Antarctica,,,,,,,,,,right,,,C
Antigua and Barbuda,Saint John's,XCD,English,97928.0,442.0,North America,Saint John's,11/1/1981,"['Nelson’s Dockyard', 'Shirley Heights', 'Devil’s Bridge']",,,Constitutional Monarchy,"['Fungee and Pepperpot', 'Saltfish and Johnny Cakes', 'Pepperpot']",Christianity,Gaston Browne,left,Cricket,Independence Day,C
Argentina,Buenos Aires,ARS,"Guaraní, Spanish",45376763.0,2780400.0,South America,Buenos Aires,1816-07-09,"['Christ the Redeemer', 'Iguazu Falls', 'Perito Moreno Glacier']",Rufous Hornero,Rufous Hornero,Republic,"['Asado', 'Empanadas', 'Milanesa']",Christianity,Alberto Fernández,right,Polo,Carnival,B
Armenia,Yerevan,AMD,Armenian,2963234.0,29743.0,Asia,Yerevan,9/21/1991,"['Geghard Monastery', 'Mount Ararat', 'Khor Virap']",Armenian Mouflon,,Republic,"['Khorovats', 'Dolma', 'Lavash']",Christianity,Vahagn Khachaturyan,right,Greco-Roman Wrestling,Vartanants Day,C
Aruba,Oranjestad,AWG,"Dutch, Papiamento",106766.0,180.0,North America,Oranjestad,,"['Arikok National Park', 'Eagle Beach', 'Natural Pool']",,,Constituent Country (Netherlands),"['Keshi Yena', 'Sopi di Piska', 'Funchi']",Christianity,Herman X. Bruls,right,Soccer,Carnival,C
Australia,Canberra,AUD,English,25687041.0,7692024.0,Oceania,Canberra,1/1/1901,"['Sydney Opera House', 'Great Barrier Reef', 'Uluru']",Kangaroo,Emu,Federal Parliamentary Constitutional Monarchy,"['Vegemite', 'Meat Pie', 'Pavlova']",Christianity,Anthony Albanese,left,Australian Rules Football,Australia Day,B
Austria,Vienna,EUR,German,8917205.0,83871.0,Europe,Vienna,7/27/1955,"['Schönbrunn Palace', 'Hofburg Palace', 'St. Stephen’s Cathedral']",Golden Eagle,Barn Swallow,Federal Republic,"['Wiener Schnitzel', 'Sachertorte', 'Apfelstrudel']",Christianity,Alexander Van der Bellen,right,Soccer,Christmas,B
Azerbaijan,Baku,AZN,Azerbaijani,10110116.0,86600.0,Europe,Baku,10/18/1991,"['Maiden Tower', 'Gobustan Rock Art', 'Sheki Khan’s Palace']",Karabakh Horse,,Republic,"['Plov', 'Kebabs', 'Dushbara']",Islam,Ilham Aliyev,right,Chess,Novruz Bayram,C
Bahamas,Nassau,"BSD, USD",English,393248.0,13943.0,North America,Nassau,7/10/1973,"['Atlantis Resort', 'Exuma Cays Land and Sea Park', 'Blue Hole']",,Flamingo,Constitutional Monarchy,"['Cracked Conch', 'Rock Lobsters', 'Bahama Mama']",Christianity,Perry Christie,left,Basketball,Junkanoo,C
Bahrain,Manama,BHD,Arabic,1701583.0,765.0,Asia,Manama,8/15/1971,"['Bahrain Fort', 'Al Fateh Mosque', 'Tree of Life']",,,Constitutional Monarchy,"['Machboos', 'Muhammar', 'Harees']",Islam,Hamad bin Isa Al Khalifa,right,Football,Bahrain National Day,C
Bangladesh,Dhaka,BDT,Bengali,164689383.0,147570.0,Asia,Dhaka,3/26/1971,"['Sundarbans', 'Cox’s Bazar', 'Lalbagh Fort']",Royal Bengal Tiger,Oriental Magpie-Robin,Republic,"['Hilsa Fish Curry', 'Bhuna Khichuri', 'Panta Ilish']",Islam,Mohammad Shahabuddin,left,Cricket,Eid ul-Fitr,C
Barbados,Bridgetown,BBD,English,287371.0,430.0,North America,Bridgetown,11/30/1966,"['Harrison’s Cave', 'Animal Flower Cave', 'Andromeda Botanical Gardens']",,,Parliamentary Republic,"['Flying Fish and Cou Cou', 'Pudding and Souse', 'Bajan Macaroni Pie']",Christianity,Mia Mottley,left,Cricket,Crop Over Festival,C
Belarus,Minsk,BYN,"Belarusian, Russian",9398861.0,207600.0,Europe,Minsk,8/25/1991,"['Mir Castle', 'Brest Fortress', 'National Library of Belarus']",,Stork,Republic,"['Draniki', 'Borscht', 'Kholodnik']",Christianity,Alexander Lukashenko,right,Ice Hockey,Independence Day,C
Belgium,Brussels,EUR,"German, French, Dutch",11555997.0,30528.0,Europe,Brussels,1830-10-04,"['Atomium', 'Grand Place', 'Manneken Pis']",Lion,,Federal Parliamentary Constitutional Monarchy,"['Moules-Frites', 'Waffles', 'Chocolate']",Christianity,Alexander De Croo,right,Soccer,Carnival of Binche,B
Belize,Belmopan,BZD,"Belizean Creole, English, Spanish",397621.0,22966.0,North America,Belmopan,9/21/1981,"['Great Blue Hole', 'Xunantunich', 'Ambergris Caye']",Baird’s Tapir,Keel-billed Toucan,Constitutional Monarchy,"['Rice and Beans with Stew Chicken', 'Taco', 'Fried Jacks']",Christianity,Johnny Briceño,right,Football,Independence Day,C
Benin,Porto-Novo,XOF,French,12123198.0,112622.0,Africa,Porto-Novo,8/1/1960,"['Pendjari National Park', 'Royal Palaces of Abomey', 'Ouidah']",,,Republic,"['Amiwo', 'Sculpted Yams', 'Pounded Yam with Egusi Soup']",Christianity,Patrice Talon,right,Football,Fête de la Musique,C
Bermuda,Hamilton,BMD,English,63903.0,54.0,North America,Hamilton,,,,Bermuda Petrel,,,Christianity,Elizabeth II,left,Cricket,Cup Match,C
Bhutan,Thimphu,"BTN, INR",Dzongkha,771612.0,38394.0,Asia,Thimphu,8/8/1949,"['Tiger’s Nest Monastery', 'Punakha Dzong', 'Dochula Pass']",Takin,Common Raven,Constitutional Monarchy,"['Ema Datshi', 'Phaksha Paa', 'Red Rice']",Buddhism,Lotay Tshering,left,Archery,Tshechu,C
Bolivia,Sucre,BOB,"Aymara, Guaraní, Quechua, Spanish",11673029.0,1098581.0,South America,Sucre,1825-08-06,"['Salar de Uyuni', 'La Paz', 'Tiwanaku']",Llama,Andean Condor,Plurinational State,"['Salteñas', 'Pique Macho', 'Api']",Christianity,Luis Arce,right,Soccer,Carnival,C
Bosnia and Herzegovina,Sarajevo,BAM,"Bosnian, Croatian, Serbian",3280815.0,51209.0,Europe,Sarajevo,3/1/1992,"['Stari Most', 'Sarajevo Tunnel', 'Bascarsija']",,,Federal Parliamentary Republic,"['Ćevapi', 'Sogan-dolma', 'Burek']",Islam,Šefik Džaferović,right,Soccer,Statehood Day,C
Botswana,Gaborone,BWP,"English, Tswana",2351625.0,582000.0,Africa,Gaborone,9/30/1966,"['Okavango Delta', 'Chobe National Park', 'Makgadikgadi Pans']",Zebra,Kori Bustard,Republic,"['Seswaa', 'Bogobe', 'Morogo']",Christianity,Mokgweetsi Masisi,left,Football,President’s Day,C
Bouvet Island,,,Norwegian,0.0,49.0,Antarctica,,,,,,,,,,right,,,C
Brazil,Brasília,BRL,Portuguese,212559409.0,8515767.0,South America,Brasília,1822-09-07,"['Christ the Redeemer', 'Iguazu Falls', 'Sugarloaf Mountain']",Jaguar,Rufous-bellied Thrush,Federal Republic,"['Feijoada', 'Churrasco', 'Brigadeiro']",Christianity,Luiz Inácio Lula da Silva,right,Football,Carnival,A
British Indian Ocean Territory,Diego Garcia,USD,English,3000.0,60.0,Asia,Diego Garcia,,,,,,,,,right,,,C
British Virgin Islands,Road Town,USD,English,30237.0,151.0,North America,Road Town,,,,,,,Christianity,Elizabeth II,left,Cricket,Emancipation Day,C
Brunei,Bandar Seri Begawan,"BND, SGD",Malay,437483.0,5765.0,Asia,Bandar Seri Begawan,1/1/1984,"['Sultan Omar Ali Saifuddien Mosque', 'Tasek Merimbun', 'Ulu Temburong National Park']",White-bellied Sea Eagle,White-bellied Sea Eagle,Absolute Monarchy,"['Nasi Katok', 'Ambuyat', 'Soto Brunei']",Islam,Hassanal Bolkiah,left,Sepak Takraw,Hari Raya Aidilfitri,C
Bulgaria,Sofia,BGN,Bulgarian,6927288.0,110879.0,Europe,Sofia,9/22/1908,"['Rila Monastery', 'Alexander Nevsky Cathedral', 'Plovdiv Old Town']",Lion,Eastern Imperial Eagle,Republic,"['Banitsa', 'Shkembe Chorba', 'Kavarma']",Christianity,Rumen Radev,right,Football,Baba Marta Day,C
Burkina Faso,Ouagadougou,XOF,French,20903278.0,272967.0,Africa,Ouagadougou,8/5/1960,"['Great Mosque of Bobo-Dioulasso', 'Nazinga Game Ranch', 'Ruin of Loropeni']",,,Republic,"['Riz Gras', 'Tô', 'Poulet Bicyclette']",Islam,Ibrahim Traoré,right,Football,Independence Day,C
Burundi,Gitega,BIF,"French, Kirundi",11890781.0,27834.0,Africa,Gitega,7/1/1962,"['Kivu Lake', 'Rusizi River', 'Gishora Drum Sanctuary']",,,Republic,"['Isombe', 'Brochette', 'Binyebwa']",Christianity,Évariste Ndayishimiye,right,Football,Independence Day,C
Cambodia,Phnom Penh,"KHR, USD",Khmer,16718971.0,181035.0,Asia,Phnom Penh,11/9/1953,"['Angkor Wat', 'Bayon Temple', 'Ta Prohm']",,Giant Ibis,Constitutional Monarchy,"['Amok', 'Lok Lak', 'Kuy Tiev']",Buddhism,Hun Sen,right,Football,Khmer New Year,C
Cameroon,Yaoundé,XAF,"English, French",26545864.0,475442.0,Africa,Yaoundé,1/1/1960,"['Mount Cameroon', 'Dja Faunal Reserve', 'Yaoundé']",,,Republic,"['Ndolé', 'Ekwang', 'Koki']",Christianity,Paul Biya,right,Football,National Day,C
Canada,Ottawa,CAD,"English, French",38005238.0,9984670.0,North America,Ottawa,1867-07-01,"['CN Tower', 'Niagara Falls', 'Banff National Park']",Beaver,Common Loon,Federal Parliamentary Constitutional Monarchy,"['Poutine', 'Butter Tarts', 'Nanaimo Bars']",Christianity,Justin Trudeau,right,Ice Hockey,Canada Day,A
Cape Verde,Praia,CVE,Portuguese,555988.0,4033.0,Africa,Praia,7/5/1975,,,,Republic,"['Cachupa', 'Pastéis', 'Feijoada']",Christianity,José Maria Neves,right,Football,Independence Day,C
Caribbean Netherlands,Kralendijk,USD,"English, Dutch, Papiamento",25987.0,328.0,North America,Kralendijk,,,,,,,Christianity,,right,Football,King’s Day,C
Cayman Islands,George Town,KYD,English,65720.0,264.0,North America,George Town,,,,,,,Christianity,Elizabeth II,left,Soccer,National Heroes Day,C
Central African Republic,Bangui,XAF,"French, Sango",4829764.0,622984.0,Africa,Bangui,8/13/1960,"['Manovo-Gounda St. Floris National Park', 'Boali Waterfalls', 'Bamingui-Bangoran National Park']",,,Republic,"['Cassava', 'Mbongo Tchobi', 'Saka-Saka']",Christianity,Faustin-Archange Touadéra,right,Football,Independence Day,C
Chad,N'Djamena,XAF,"Arabic, French",16425859.0,1284000.0,Africa,N'Djamena,8/11/1960,"['Zakouma National Park', 'Tibesti Mountains', 'Aouzou Strip']",,,Republic,"['Boule', 'Djeruk', 'Lac Dega']",Islam,Mahamat Idriss Déby,right,Football,Independence Day,C
Chile,Santiago,CLP,Spanish,19116209.0,756102.0,South America,Santiago,1810-09-18,"['Easter Island', 'Atacama Desert', 'Torres del Paine National Park']",,Andean Condor,Republic,"['Empanadas', 'Pastel de Choclo', 'Cazuela']",Christianity,Gabriel Boric,right,Football,Fiestas Patrias,B
China,Beijing,CNY,Chinese,1402112000.0,9706961.0,Asia,Beijing,10/1/1949,"['Great Wall of China', 'Forbidden City', 'Terracotta Army']",Giant Panda,Red-crowned Crane,One-Party State,"['Peking Duck', 'Dim Sum', 'Hotpot']",Irreligion,Xi Jinping,right,Table Tennis,Chinese New Year,A
Christmas Island,Flying Fish Cove,AUD,English,2072.0,135.0,Asia,Flying Fish Cove,,,,Golden Bosun Bird,,,Christianity,,left,,,C
Cocos (Keeling) Islands,West Island,AUD,English,544.0,14.0,Asia,West Island,,,,,,,Islam,,left,,,C
Colombia,Bogotá,COP,Spanish,50882884.0,1141748.0,South America,Bogotá,1810-07-20,"['Tayrona National Park', ""Cartagena's Old Town"", 'Cocora Valley']",Andean Condor,Andean Condor,Republic,"['Arepas', 'Ajiaco', 'Bandeja Paisa']",Christianity,Gustavo Petro,right,Football,Carnival of Barranquilla,B
Comoros,Moroni,KMF,"Arabic, French, Comorian",869595.0,1862.0,Africa,Moroni,7/6/1975,"['Mount Karthala', 'Anjouan', 'Moheli Marine Park']",,,Federal Republic,"['Langouste à la Vanille', 'Sambusa', 'Curry de Poulet']",Islam,Azali Assoumani,right,Football,Independence Day,C
Cook Islands,Avarua,"CKD, NZD","English, Cook Islands Māori",18100.0,236.0,Oceania,Avarua,,,,,,,Christianity,Tommy Sovereign,left,Rugby,Cook Islands Constitution Day,C
Costa Rica,San José,CRC,Spanish,5094114.0,51100.0,North America,San José,1821-09-15,"['Arenal Volcano', 'Manuel Antonio National Park', 'Monteverde Cloud Forest']",White-tailed Deer,Clay-colored Thrush,Republic,"['Gallo Pinto', 'Casado', 'Sopa Negra']",Christianity,Rodrigo Chaves Robles,right,Football,Independence Day,C
Croatia,Zagreb,EUR,Croatian,4047200.0,56594.0,Europe,Zagreb,6/25/1991,"['Plitvice Lakes', 'Dubrovnik Old Town', ""Diocletian's Palace""]",,,Republic,"['Pasticada', 'Ćevapi', 'Peka']",Christianity,Zoran Milanović,right,Football,Statehood Day,C
Cuba,Havana,"CUC, CUP",Spanish,11326616.0,109884.0,North America,Havana,5/20/1902,"['Havana Old Town', 'Varadero Beach', 'Pico Turquino']",Cuban Trogon,Cuban Trogon,One-Party State,"['Ropa Vieja', 'Lechón Asado', 'Tostones']",Christianity,Miguel Díaz-Canel,right,Baseball,Revolution Day,C
Curaçao,Willemstad,ANG,"English, Dutch, Papiamento",155014.0,444.0,North America,Willemstad,,,,,,,Christianity,Eugene Rhuggenaath,right,Baseball,Carnival,C
Cyprus,Nicosia,EUR,"Greek, Turkish",1207361.0,9251.0,Europe,Nicosia,8/16/1960,"['Aphrodite’s Rock', 'Kyrenia Castle', 'Tombs of the Kings']",,Cyprus Warbler,Republic,"['Meze', 'Kleftiko', 'Souvlaki']",Christianity,Nikos Christodoulides,left,Football,Cyprus Independence Day,C
Czechia,Prague,CZK,"Czech, Slovak",10698896.0,78865.0,Europe,Prague,1/1/1993,,Double-tailed Lion,,,,Christianity,Petr Pavel,right,Ice Hockey,Czech Statehood Day,B
DR Congo,Kinshasa,CDF,"French, Kikongo, Lingala, Tshiluba, Swahili",108407721.0,2344858.0,Africa,Kinshasa,6/30/1960,,,,,,Christianity,Félix Tshisekedi,right,Football,Independence Day,C
Denmark,Copenhagen,DKK,Danish,5831404.0,43094.0,Europe,Copenhagen,,"['Tivoli Gardens', 'Nyhavn', 'Kronborg Castle']",Mute Swan,Mute Swan,Constitutional Monarchy,"['Smørrebrød', 'Frikadeller', 'Rødgrød med fløde']",Christianity,Mette Frederiksen,right,Handball,Christmas,B
Djibouti,Djibouti,DJF,"Arabic, French",988002.0,23200.0,Africa,Djibouti,6/27/1977,"['Lake Assal', 'Djibouti City', 'Moucha Island']",,,Republic,"['Hambe', 'Lahoh', 'Shushur']",Islam,Ismail Omar Guelleh,right,Football,Independence Day,C
Dominica,Roseau,XCD,English,71991.0,751.0,North America,Roseau,11/3/1978,"['Boiling Lake', 'Morne Trois Pitons', 'Syndicate Nature Trail']",,Sisserou Parrot,Republic,"['Callaloo', 'Saltfish and Dumplings', 'Lambi']",Christianity,Roosevelt Skerrit,left,Cricket,Carnival,C
Dominican Republic,Santo Domingo,DOP,Spanish,10847904.0,48671.0,North America,Santo Domingo,1844-02-27,"['Punta Cana', 'Alcázar de Colón', ""Santo Domingo's Colonial Zone""]",Palmchat,Palmchat,Republic,"['Mangu', 'Mofongo', 'Sancocho']",Christianity,Luis Abinader,right,Baseball,Carnival,C
Ecuador,Quito,USD,Spanish,17643060.0,276841.0,South America,Quito,1822-05-24,"['Galápagos Islands', 'Cotopaxi Volcano', 'Mitad del Mundo']",Andean Condor,Andean Condor,Republic,"['Ceviche', 'Locro de Papa', 'Hornado']",Christianity,Daniel Noboa,right,Football,Carnival,C
Egypt,Cairo,EGP,Arabic,102334403.0,1002450.0,Africa,Cairo,2/28/1922,"['Pyramids of Giza', 'Sphinx', 'Luxor Temple']",Steppe Eagle,Steppe Eagle,Republic,"['Koshari', 'Fatta', 'Mahshi']",Islam,Abdel Fattah el-Sisi,right,Football,Eid al-Fitr,B
El Salvador,San Salvador,USD,Spanish,6486201.0,21041.0,North America,San Salvador,1821-09-15,"['San Salvador Volcano', 'Joya de Cerén', 'Ruta de Las Flores']",,,Republic,"['Pupusas', 'Yuca con Curtido', 'Tamales']",Christianity,Nayib Bukele,right,Football,Independence Day,C
Equatorial Guinea,Malabo,XAF,"French, Portuguese, Spanish",1402985.0,28051.0,Africa,Malabo,10/12/1968,"['Malabo', 'Bata', 'Bioko Island']",,,Republic,"['Pepper Soup', 'Okra Stew', 'Mbengue']",Christianity,Teodoro Obiang Nguema Mbasogo,right,Football,Independence Day,C
Eritrea,Asmara,ERN,"Arabic, English, Tigrinya",5352000.0,117600.0,Africa,Asmara,5/24/1993,"['Asmara', 'Massawa', 'Dahlak Archipelago']",,,One-Party State,"['Zigni', 'Tsebhi', 'Injera']",Christianity,Isaias Afwerki,right,Football,Independence Day,C
Estonia,Tallinn,EUR,Estonian,1331057.0,45227.0,Europe,Tallinn,8/20/1991,"['Tallinn Old Town', 'Lahemaa National Park', 'Tartu University']",Barn Swallow,Barn Swallow,Republic,"['Kiluvoileib', 'Verivorst', 'Mulgikapsad']",Christianity,Alar Karis,right,Basketball,Midsummer Day,C
Eswatini,Mbabane,"SZL, ZAR","English, Swazi",1160164.0,17364.0,Africa,Mbabane,9/6/1968,"['Mlilwane Wildlife Sanctuary', 'Hlane Royal National Park', 'Lobamba']",,,Absolute Monarchy,"['Siswati', 'Tinkhobe', 'Sishwala']",Christianity,Mswati III,left,Football,Umhlanga (Reed Dance),C
Ethiopia,Addis Ababa,ETB,Amharic,114963583.0,1104300.0,Africa,Addis Ababa,,"['Lalibela Rock-Hewn Churches', 'Simien Mountains', ""Addis Ababa's National Museum""]",Lion,Abyssinian Catbird,Federal Republic,"['Injera', 'Doro Wat', 'Tibs']",Christianity,Abiy Ahmed,right,Football,Timkat (Epiphany),C
Falkland Islands,Stanley,FKP,English,2563.0,12173.0,South America,Stanley,,,,,,,Christianity,Elizabeth II,left,Football,,C
Faroe Islands,Tórshavn,"DKK, FOK","Danish, Faroese",48865.0,1393.0,Europe,Tórshavn,,,,,,,Christianity,Bartholomew Rech,right,Football,St. Olaf’s Day,C
Fiji,Suva,FJD,"English, Fijian, Fiji Hindi",896444.0,18272.0,Oceania,Suva,10/10/1970,"['Coral Coast', 'Garden of the Sleeping Giant', 'Denarau Island']",,,Republic,"['Kokoda', 'Palusami', 'Fijian Lovo']",Christianity,Frank Bainimarama,left,Rugby,Fiji Day,C
Finland,Helsinki,EUR,"Finnish, Swedish",5530719.0,338424.0,Europe,Helsinki,12/6/1917,"['Helsinki Cathedral', 'Santa Claus Village', 'Lake Saimaa']",Brown Bear,Whooper Swan,Republic,"['Karjalanpiirakka', 'Ruisleipä', 'Kalakukko']",Christianity,Sauli Niinistö,right,Ice Hockey,Midsummer Day,B
France,Paris,EUR,French,67391582.0,551695.0,Europe,Paris,,"['Eiffel Tower', 'Louvre Museum', 'Notre-Dame Cathedral']",Gallic Rooster,Gallic Rooster,Republic,"['Croissant', 'Ratatouille', 'Coq au Vin']",Christianity,Emmanuel Macron,right,Football,Bastille Day,A
French Guiana,Cayenne,EUR,French,254541.0,83534.0,South America,Cayenne,,,,,,,Christianity,,right,Football,Carnival,C
French Polynesia,Papeetē,XPF,French,280904.0,4167.0,Oceania,Papeetē,,,,,,,Christianity,Édouard Fritch,right,Rugby,Heiva Festival,C
French Southern and Antarctic Lands,Port-aux-Français,EUR,French,400.0,7747.0,Antarctica,Port-aux-Français,,,,,,,,,right,,,C
Gabon,Libreville,XAF,French,2225728.0,267668.0,Africa,Libreville,8/17/1960,"['Loango National Park', 'Ivindo National Park', 'Gamba']",Black Panther,,Republic,"['Poulet Nyembwe', 'Poisson braisé', 'Koki']",Christianity,Ali Bongo Ondimba,right,Football,Independence Day,C
Gambia,Banjul,GMD,English,2416664.0,10689.0,Africa,Banjul,2/18/1965,"['Abuko Nature Reserve', 'Banjul', 'Kachikally Crocodile Pool']",,Long-tailed Nightjar,Republic,"['Domoda', 'Benachin', 'Plasas']",Islam,Adama Barrow,right,Football,Independence Day,C
Georgia,Tbilisi,GEL,Georgian,3714000.0,69700.0,Asia,Tbilisi,4/9/1991,"['Uplistsikhe', 'Vardzia', 'Gergeti Trinity Church']",,Pheasant,Republic,"['Khachapuri', 'Khinkali', 'Pkhali']",Christianity,Salome Zourabichvili,right,Rugby,Georgian Independence Day,C
Germany,Berlin,EUR,German,83240525.0,357114.0,Europe,Berlin,10/3/1990,"['Brandenburg Gate', 'Neuschwanstein Castle', 'Cologne Cathedral']",Black Eagle,White Stork,Federal Republic,"['Sauerbraten', 'Wiener Schnitzel', 'Bratwurst']",Christianity,Frank-Walter Steinmeier,right,Football,Oktoberfest,A
Ghana,Accra,GHS,English,31072945.0,238533.0,Africa,Accra,3/6/1957,"['Cape Coast Castle', 'Kakum National Park', 'Wli Waterfalls']",,,Republic,"['Fufu', 'Banku', 'Jollof Rice']",Christianity,Nana Akufo-Addo,right,Football,Kwame Nkrumah Memorial Day,C
Gibraltar,Gibraltar,GIP,English,33691.0,6.0,Europe,Gibraltar,,,,,,,Christianity,Elizabeth II,right,Football,National Day,C
Greece,Athens,EUR,Greek,10715549.0,131990.0,Europe,Athens,1821-03-25,"['Acropolis of Athens', 'Santorini', 'Delphi']",Dolphin,,Republic,"['Moussaka', 'Souvlaki', 'Tzatziki']",Christianity,Katerina Sakellaropoulou,right,Football,Easter,B
Greenland,Nuuk,DKK,Greenlandic,56367.0,2166086.0,North America,Nuuk,,,Polar Bear,White-tailed Eagle,Self-Government (Denmark),,Christianity,Mette Frederiksen,right,Football,National Day,C
Grenada,St. George's,XCD,English,112519.0,344.0,North America,St. George's,2/7/1974,"['Grand Anse Beach', 'Fort George', 'River Antoine Estate Rum Distillery']",,,Constitutional Monarchy,"['Oil Down', 'Callaloo', 'Conch Chowder']",Christianity,Dickon Mitchell,left,Cricket,Spicemas,C
Guadeloupe,Basse-Terre,EUR,French,400132.0,1628.0,North America,Basse-Terre,,,,,,,Christianity,,right,Football,Carnival,C
Guam,Hagåtña,USD,"Chamorro, English, Spanish",168783.0,549.0,Oceania,Hagåtña,,,,,,,Christianity,Lou Leon Guerrero,right,Football,Liberation Day,C
Guatemala,Guatemala City,GTQ,Spanish,16858333.0,108889.0,North America,Guatemala City,1821-09-15,"['Tikal', 'Lake Atitlán', 'Antigua Guatemala']",Resplendent Quetzal,Resplendent Quetzal,Republic,"['Pepian', 'Jocon', 'Tamal']",Christianity,Alejandro Giammattei,right,Football,Independence Day,C
Guernsey,St. Peter Port,"GBP, GGP","English, French, Guernésiais",62999.0,78.0,Europe,St. Peter Port,,,,,,,Christianity,Elizabeth II,left,Football,Liberation Day,C
Guinea,Conakry,GNF,French,13132792.0,245857.0,Africa,Conakry,10/2/1958,"['Mount Nimba', 'Conakry', 'Badiar National Park']",,,Republic,"['Jollof Rice', 'Maafe', 'Fufu']",Islam,Alpha Condé,right,Football,Independence Day,C
Guinea-Bissau,Bissau,XOF,"Portuguese, Upper Guinea Creole",1967998.0,36125.0,Africa,Bissau,9/24/1973,"['Orango Islands', 'Bissagos Islands', 'Fortaleza de Amura']",,,Republic,"['Jollof Rice', 'Coconut Rice', 'Fried Plantains']",Islam,Umaro Sissoco Embaló,right,Football,Independence Day,C
Guyana,Georgetown,GYD,English,786559.0,214969.0,South America,Georgetown,5/26/1966,"['Kaieteur Falls', 'Iwokrama Forest', 'Shell Beach']",,,Republic,"['Pepperpot', 'Cook-Up Rice', 'Pholourie']",Christianity,Irfaan Ali,left,Cricket,Mashramani,C
Haiti,Port-au-Prince,HTG,"French, Haitian Creole",11402533.0,27750.0,North America,Port-au-Prince,1804-01-01,"['Citadelle Laferrière', 'Iron Market', 'Labadee']",,,Republic,"['Griot', 'Tassot', 'Marinad']",Christianity,Ariel Henry,right,Football,Independence Day,C
Heard Island and McDonald Islands,,,English,0.0,412.0,Antarctica,,,,,,,,,,right,,,C
Honduras,Tegucigalpa,HNL,Spanish,9904608.0,112492.0,North America,Tegucigalpa,1821-09-15,"['Copán', 'Roatan', 'Cusuco National Park']",White-tailed Deer,Scarlet Macaw,Republic,"['Baleadas', 'Sopa de Caracol', 'Tamales']",Christianity,Xiomara Castro,right,Football,Independence Day,C
Hong Kong,City of Victoria,HKD,"English, Chinese",7500700.0,1104.0,Asia,City of Victoria,7/1/1997,,,,Special Administrative Region (China),"['Dim Sum', 'Wonton Noodles', 'Egg Tarts']",Irreligion,John Lee,left,Rugby,Chinese New Year,B
Hungary,Budapest,HUF,Hungarian,9749763.0,93028.0,Europe,Budapest,10/23/1989,"['Parliament Building', 'Buda Castle', 'Lake Balaton']",Turul,Saker Falcon,Republic,"['Goulash', 'Langos', 'Pörkölt']",Christianity,Katalin Novák,right,Water Polo,St. Stephen’s Day,B
Iceland,Reykjavik,ISK,Icelandic,366425.0,103000.0,Europe,Reykjavik,6/17/1944,"['Blue Lagoon', 'Golden Circle', 'Thingvellir National Park']",Gyrfalcon,Gyrfalcon,Republic,"['Hákarl', 'Skyr', 'Lamb with Root Vegetables']",Christianity,Guðni Th. Jóhannesson,right,Handball,Independence Day,C
India,New Delhi,INR,"English, Hindi, Tamil",1380004385.0,3287590.0,Asia,New Delhi,8/15/1947,"['Taj Mahal', 'Qutub Minar', 'Gateway of India']",Bengal Tiger,Indian Peafowl,Federal Republic,"['Biryani', 'Butter Chicken', 'Masala Dosa']",Hinduism,Droupadi Murmu,left,Field Hockey,Diwali,A
Indonesia,Jakarta,IDR,Indonesian,273523621.0,1904569.0,Asia,Jakarta,8/17/1945,"['Bali', 'Borobudur', 'Komodo National Park']",Komodo Dragon,Javan Hawk-Eagle,Republic,"['Nasi Goreng', 'Satay', 'Rendang']",Islam,Joko Widodo,left,Pencak Silat,Eid ul-Fitr,B
Iran,Tehran,IRR,Persian (Farsi),83992953.0,1648195.0,Asia,Tehran,2/11/1979,"['Persepolis', 'Naqsh-e Jahan Square', 'Shah Mosque']",Asiatic Lion,Common Nightingale,Islamic Republic,"['Kebab', 'Fesenjan', 'Tahchin']",Islam,Ebrahim Raisi,right,Wrestling,Nowruz,B
Iraq,Baghdad,IQD,"Arabic, Aramaic, Sorani",40222503.0,438317.0,Asia,Baghdad,10/3/1932,"['Babylon', 'Ziggurat of Ur', 'Kurdistan']",Chukar Partridge,Chukar Partridge,Federal Republic,"['Kebab', 'Masgouf', 'Tepsi Baytinjan']",Islam,Abdul Latif Rashid,right,Football,Kurdish New Year,C
Ireland,Dublin,EUR,"English, Irish",4994724.0,70273.0,Europe,Dublin,12/6/1922,"['Cliffs of Moher', 'Trinity College', 'Blarney Castle']",Irish Wolfhound,Northern Lapwing,Republic,"['Irish Stew', 'Boxty', 'Coddle']",Christianity,Michael D. Higgins,left,Gaelic Football,St. Patrick’s Day,B
Isle of Man,Douglas,"GBP, IMP","English, Manx",85032.0,572.0,Europe,Douglas,,,,,,,Christianity,Elizabeth II,left,Road Racing,Tynwald Day,C
Israel,Jerusalem,ILS,"Arabic, Hebrew",9216900.0,20770.0,Asia,Jerusalem,5/14/1948,"['Western Wall', 'Masada', 'Dead Sea']",Israeli Gazelle,Hoopoe,Republic,"['Hummus', 'Falafel', 'Shawarma']",Judaism,Isaac Herzog,right,Football,Yom Kippur,B
Italy,Rome,EUR,Italian,59554023.0,301336.0,Europe,Rome,1861-03-17,"['Colosseum', 'Leaning Tower of Pisa', 'Vatican City']",Italian Wolf,,Republic,"['Pizza', 'Pasta', 'Lasagna']",Christianity,Sergio Mattarella,right,Football,Ferragosto,A
Ivory Coast,Yamoussoukro,XOF,French,26378275.0,322463.0,Africa,Yamoussoukro,8/7/1960,,,,,,Islam,Alassane Ouattara,right,Football,Independence Day,C
Jamaica,Kingston,JMD,"English, Jamaican Patois",2961161.0,10991.0,North America,Kingston,8/6/1962,"[""Dunn's River Falls"", 'Bob Marley Museum', 'Negril Beach']",Red-billed Streamertail,Red-billed Streamertail,Constitutional Monarchy,"['Jerk Chicken', 'Ackee and Saltfish', 'Curry Goat']",Christianity,Andrew Holness,left,Cricket,Independence Day,C
Japan,Tokyo,JPY,Japanese,125836021.0,377930.0,Asia,Tokyo,,"['Mount Fuji', 'Tokyo Tower', 'Kyoto Temples']",Green Pheasant,Green Pheasant,Constitutional Monarchy,"['Sushi', 'Ramen', 'Tempura']",Shinto,Naruhito,left,Sumo Wrestling,New Year’s Day,A
Jersey,Saint Helier,"GBP, JEP","English, French, Jèrriais",100800.0,116.0,Europe,Saint Helier,,,,,,,Christianity,Elizabeth II,left,Football,Liberation Day,C
Jordan,Amman,JOD,Arabic,10203140.0,89342.0,Asia,Amman,5/25/1946,"['Petra', 'Wadi Rum', 'Dead Sea']",Arabian Oryx,Aquila Eagle,Constitutional Monarchy,"['Mansaf', 'Zarb', 'Hummus']",Islam,Abdullah II,right,Football,Eid al-Fitr,C
Kazakhstan,Nur-Sultan,KZT,"Kazakh, Russian",18754440.0,2724900.0,Asia,Nur-Sultan,12/16/1991,"['Mausoleum of Khoja Ahmed Yasawi', 'Almaty', 'Charyn Canyon']",Golden Eagle,Steppe Eagle,Republic,"['Beshbarmak', 'Kuyrdak', 'Plov']",Islam,Kassym-Jomart Tokayev,right,Football,Nauryz,C
Kenya,Nairobi,KES,"English, Swahili",53771300.0,580367.0,Africa,Nairobi,12/12/1963,"['Mount Kenya', 'Maasai Mara', 'Lake Nakuru']",Lion,Lilac-breasted Roller,Republic,"['Nyama Choma', 'Ugali', 'Sukuma']",Christianity,William Ruto,left,Football,Madaraka Day,C
Kiribati,South Tarawa,"AUD, KID","English, Gilbertese",119446.0,811.0,Oceania,South Tarawa,7/12/1979,"['Christmas Island', 'Banaba', 'Fanning Island']",,,Republic,,Christianity,Taneti Maamau,left,Football,Independence Day,C
Kosovo,Pristina,EUR,"Albanian, Serbian",1775378.0,10908.0,Europe,Pristina,2/17/2008,,,,,,Islam,Vjosa Osmani,right,Football,Independence Day,C
Kuwait,Kuwait City,KWD,Arabic,4270563.0,17818.0,Asia,Kuwait City,6/19/1961,"['Kuwait Towers', 'Grand Mosque', 'Alhamra Tower']",,,Constitutional Monarchy,"['Machboos', 'Harees', 'Mutabbaq']",Islam,Nawaf Al-Ahmad Al-Jaber Al-Sabah,right,Football,National Day,C
Kyrgyzstan,Bishkek,KGS,"Kyrgyz, Russian",6591600.0,199951.0,Asia,Bishkek,8/31/1991,"['Issyk Kul Lake', 'Ala Archa National Park', 'Osh']",,,Republic,"['Beshbarmak', 'Lagman', 'Plov']",Islam,Sadyr Japarov,right,Football,Nowruz,C
Laos,Vientiane,LAK,Lao,7275556.0,236800.0,Asia,Vientiane,10/22/1954,"['Plain of Jars', 'Luang Prabang', 'Vientiane']",,,One-Party State,"['Larb', 'Khao Niew', 'Som Tum']",Buddhism,Thongloun Sisoulith,right,Sepak Takraw,Buddha’s Birthday,C
Latvia,Riga,EUR,Latvian,1901548.0,64559.0,Europe,Riga,5/4/1990,"['Riga Old Town', 'Gauja National Park', 'Jurmala Beach']",,White Wagtail,Republic,"['Rye Bread', 'Grey Peas with Bacon', 'Piragi']",Christianity,Egils Levits,right,Ice Hockey,Jāņi (Midsummer Day),C
Lebanon,Beirut,LBP,"Arabic, French",6825442.0,10452.0,Asia,Beirut,11/22/1943,"['Jeita Grotto', 'Baalbek', 'Byblos']",Striped Hyena,Lebanon Cedar (national tree),Republic,"['Hummus', 'Tabbouleh', 'Fattoush']",Christianity,Michel Aoun,right,Football,Lebanese Independence Day,C
Lesotho,Maseru,"LSL, ZAR","English, Sotho",2142252.0,30355.0,Africa,Maseru,10/4/1966,"['Maloti Mountains', 'Sani Pass', 'Thabana Ntlenyana']",,,Constitutional Monarchy,"['Sopa', 'Moroho', 'Meat Stew']",Christianity,Letsie III,left,Football,Independence Day,C
Liberia,Monrovia,LRD,English,5057677.0,111369.0,Africa,Monrovia,1847-07-26,"['Providence Island', 'Mount Nimba', 'Kpai River']",,,Republic,"['Jollof Rice', 'Fufu', 'Palm Butter Soup']",Christianity,George Weah,right,Football,Independence Day,C
Libya,Tripoli,LYD,Arabic,6871287.0,1759540.0,Africa,Tripoli,12/24/1951,"['Leptis Magna', 'Sabratha', 'Tripoli']",,,,"['Couscous', 'Makaruna', 'Harira']",Islam,Mohammad al-Menfi,right,Football,Revolution Day,C
Liechtenstein,Vaduz,CHF,German,38137.0,160.0,Europe,Vaduz,,"['Vaduz Castle', 'Malbun', 'Liechtenstein National Museum']",,,Constitutional Monarchy,"['Käsknöpfle', 'Rösti', 'Suppe mit Hörnli']",Christianity,"Alois, Hereditary Prince of Liechtenstein",right,Football,National Day,C
Lithuania,Vilnius,EUR,Lithuanian,2794700.0,65300.0,Europe,Vilnius,3/11/1990,"['Vilnius Old Town', 'Trakai Castle', 'Gediminas’ Tower']",,White Stork,Republic,"['Cepelinai', 'Šaltibarščiai', 'Kugelis']",Christianity,Gitanas Nausėda,right,Basketball,Independence Day,C
Luxembourg,Luxembourg,EUR,"German, French, Luxembourgish",632275.0,2586.0,Europe,Luxembourg,1839-04-19,"['Bock Casemates', 'Luxembourg City', 'Mullerthal Trail']",Lion,Goldcrest,Constitutional Monarchy,"['Judd mat Gaardebounen', 'Bouneschlupp', 'Kachkéis']",Christianity,Xavier Bettel,right,Football,National Day,C
Macau,,MOP,"Portuguese, Chinese",649342.0,30.0,Asia,,12/20/1999,,,,,,Christianity,Ho Iat Seng,left,Football,Chinese New Year,C
Madagascar,Antananarivo,MGA,"French, Malagasy",27691019.0,587041.0,Africa,Antananarivo,6/26/1960,"['Avenue of the Baobabs', 'Tsingy de Bemaraha', 'Nosy Be']",,Madagascar Fish Eagle,Republic,"['Romazava', 'Koba', 'Ravitoto']",Christianity,Andry Rajoelina,right,Football,Independence Day,C
Malawi,Lilongwe,MWK,"English, Chewa",19129955.0,118484.0,Africa,Lilongwe,7/6/1964,"['Lake Malawi', 'Nyika National Park', 'Mount Mulanje']",,,Republic,"['Nsima', 'Chambo Fish', 'Beef Stew']",Christianity,Lazarus Chakwera,left,Football,Independence Day,C
Malaysia,Kuala Lumpur,MYR,"English, Malay",32365998.0,330803.0,Asia,Kuala Lumpur,8/31/1957,"['Petronas Towers', 'Batu Caves', 'Langkawi']",Malayan Tiger,Rhinoceros Hornbill,Federal Constitutional Monarchy,"['Nasi Lemak', 'Satay', 'Roti Canai']",Islam,Anwar Ibrahim,left,Badminton,Hari Raya Aidilfitri,B
Maldives,Malé,MVR,Maldivian,540542.0,300.0,Asia,Malé,7/26/1965,"['Maledives Atolls', 'Male', 'Maafushi']",,,Republic,"['Mas Huni', 'Garudhiya', 'Fried Fish']",Islam,Ibrahim Solih,left,Football,Eid al-Fitr,C
Mali,Bamako,XOF,French,20250834.0,1240192.0,Africa,Bamako,9/22/1960,"['Timbuktu', 'Djenné Mosque', 'Bandiagara Escarpment']",,,Republic,"['Tô', 'Jollof Rice', 'Sankara']",Islam,Assimi Goita,right,Football,Independence Day,C
Malta,Valletta,EUR,"English, Maltese",525285.0,316.0,Europe,Valletta,9/21/1964,"['Valletta', 'Mdina', 'Golden Bay']",Pharaoh Hound,Blue Rock Thrush,Republic,"['Rabbit Stew', 'Pastizzi', 'Imqaret']",Christianity,Robert Abela,left,Football,Feast of St. Paul’s Shipwreck,C
Marshall Islands,Majuro,USD,"English, Marshallese",59194.0,181.0,Oceania,Majuro,10/21/1986,"['Bikini Atoll', 'Kwajalein Atoll', 'Jepilpil Island']",,,Republic,"['Kōmōk', 'Pohni', 'Alugoro']",Christianity,David Kabua,right,Baseball,Independence Day,C
Martinique,Fort-de-France,EUR,French,378243.0,1128.0,North America,Fort-de-France,,,,,,,Christianity,,right,Football,Carnival,C
Mauritania,Nouakchott,MRU,Arabic,4649660.0,1030700.0,Africa,Nouakchott,11/28/1960,"['Chinguetti', 'Adrar', 'Nouakchott']",,,Republic,"['Thieboudienne', 'Mafé', 'Couscous']",Islam,Mohamed Ould Ghazouani,right,Football,Independence Day,C
Mauritius,Port Louis,MUR,"English, French, Mauritian Creole",1265740.0,2040.0,Africa,Port Louis,3/12/1968,"['Black River Gorges', 'Le Morne', 'Grand Bassin']",,Dodo (extinct),Republic,"['Dholl Puri', 'Briyani', 'Gateau Piment']",Hinduism,Prithvirajsing Roopun,left,Football,Cavadee,C
Mayotte,Mamoudzou,EUR,French,226915.0,374.0,Africa,Mamoudzou,,,,,,,Islam,,right,Football,,C
Mexico,Mexico City,MXN,Spanish,128932753.0,1964375.0,North America,Mexico City,1810-09-16,"['Chichen Itza', 'Teotihuacan', 'Cenotes']",Golden Eagle,Golden Eagle,Federal Republic,"['Tacos', 'Guacamole', 'Enchiladas']",Christianity,Andrés Manuel López Obrador,right,Football,Día de los Muertos,B
Micronesia,Palikir,USD,English,115021.0,702.0,Oceania,Palikir,11/3/1986,"['Pohnpei', 'Nan Madol', 'Yap']",,,Federal Republic,"['Pohnpei Sashimi', 'Bibingka', 'Pone']",Christianity,David W. Panuelo,right,Baseball,Independence Day,C
Moldova,Chișinău,MDL,Romanian,2617820.0,33846.0,Europe,Chișinău,8/27/1991,"['Mileștii Mici', 'Orheiul Vechi', 'Stefan Cel Mare Park']",,,Republic,"['Mămăligă', 'Plăcintă', 'Sarmale']",Christianity,Maya Sandu,right,Football,Moldovan Independence Day,C
Monaco,Monaco,EUR,French,39244.0,2.02,Europe,Monaco,1297-01-08,"['Palace of Monaco', 'Monte Carlo', 'Oceanographic Museum']",,,Constitutional Monarchy,"['Barbajuan', 'Socca', 'Pissaladière']",Christianity,Albert II,right,Football,National Day,C
Mongolia,Ulan Bator,MNT,Mongolian,3278292.0,1564110.0,Asia,Ulan Bator,7/11/1921,"['Gobi Desert', 'Ulaanbaatar', 'Terelj National Park']",Przewalski’s Horse,Saker Falcon,Republic,"['Boodog', 'Mutton Stew', 'Khuushuur']",Buddhism,Ukhnaa Khurelsukh,right,Wrestling,Naadam,C
Montenegro,Podgorica,EUR,Montenegrin,621718.0,13812.0,Europe,Podgorica,6/3/2006,"['Bay of Kotor', 'Durmitor National Park', 'Sveti Stefan']",,,Republic,"['Njeguški Pršut', 'Kacamak', 'Buzara']",Christianity,Milo Đukanović,right,Football,Independence Day,C
Montserrat,Plymouth,XCD,English,4922.0,102.0,North America,Plymouth,,,,,,,,Elizabeth II,left,,National Heroes Day,C
Morocco,Rabat,MAD,"Arabic, Berber",36910558.0,446550.0,Africa,Rabat,3/2/1956,"['Marrakech', 'Atlas Mountains', 'Fes']",,,Constitutional Monarchy,"['Tagine', 'Couscous', 'Bastilla']",Islam,Aziz Akhannouch,right,Football,Eid al-Fitr,C
Mozambique,Maputo,MZN,Portuguese,31255435.0,801590.0,Africa,Maputo,6/25/1975,"['Bazaruto Archipelago', 'Gorongosa National Park', 'Maputo']",,,Republic,"['Piri Piri Chicken', 'Matapa', 'Xima']",Christianity,Filipe Nyusi,left,Football,Independence Day,C
Myanmar,Naypyidaw,MMK,Burmese,54409794.0,676578.0,Asia,Naypyidaw,1/4/1948,"['Shwedagon Pagoda', 'Bagan', 'Inle Lake']",,,Military Government,"['Mohinga', 'Shan Noodles', 'Tea Leaf Salad']",Buddhism,Min Aung Hlaing,right,Football,Thingyan,C
Namibia,Windhoek,"NAD, ZAR","Afrikaans, German, English, Herero, Khoekhoe, Kwangali, Lozi, Ndonga, Tswana",2540916.0,825615.0,Africa,Windhoek,3/21/1990,"['Sossusvlei', 'Etosha National Park', 'Skeleton Coast']",,African Fish Eagle,Republic,"['Biltong', 'Kapana', 'Potjiekos']",Christianity,Hage Geingob,left,Football,Independence Day,C
Nauru,Yaren,AUD,"English, Nauru",10834.0,21.0,Oceania,Yaren,1/31/1968,"['Anibare Bay', 'Command Ridge', 'Moqua Well']",,,Republic,"['Coconut Fish', 'Tuna Salad', 'Pineapple Cake']",Christianity,Lionel Aingimea,left,Football,Independence Day,C
Nepal,Kathmandu,NPR,Nepali,29136808.0,147181.0,Asia,Kathmandu,2/4/1951,"['Mount Everest', 'Pashupatinath Temple', 'Bhaktapur Durbar Square']",Cow,Himalayan Monal,Federal Republic,"['Dal Bhat', 'Momo', 'Sel Roti']",Hinduism,Ram Chandra Poudel,left,Volleyball,Dashain,C
Netherlands,Amsterdam,EUR,Dutch,16655799.0,41850.0,Europe,Amsterdam,,"['Anne Frank House', 'Van Gogh Museum', 'Keukenhof Gardens']",Lion,,Constitutional Monarchy,"['Stroopwafel', 'Poffertjes', 'Haring']",Christianity,Mark Rutte,right,Football,King’s Day,B
New Caledonia,Nouméa,XPF,French,271960.0,18575.0,Oceania,Nouméa,,,,,,,Christianity,,right,Football,Bastille Day,C
New Zealand,Wellington,NZD,"English, Māori, New Zealand Sign Language",5084300.0,270467.0,Oceania,Wellington,1840-02-06,"['Milford Sound', 'Sky Tower', 'Rotorua']",Kiwi,Kiwi,Constitutional Monarchy,"['Lamb', 'Pavlova', 'Fish and Chips']",Christianity,Christopher Luxon,left,Rugby,Waitangi Day,B
Nicaragua,Managua,NIO,Spanish,6624554.0,130373.0,North America,Managua,1821-09-15,"['Masaya Volcano', 'Granada', 'San Juan del Sur']",Turquoise-browed Motmot,Turquoise-browed Motmot,Republic,"['Gallo Pinto', 'Vigorón', 'Indio Viejo']",Christianity,Daniel Ortega,right,Football,Independence Day,C
Niger,Niamey,XOF,French,24206636.0,1267000.0,Africa,Niamey,8/3/1960,"['Air Mountains', 'Zinder', 'Niamey']",,,Republic,"['Jollof Rice', 'Pounded Yam', 'Tô']",Islam,Mohamed Bazoum,right,Football,Independence Day,C
Nigeria,Abuja,NGN,English,206139587.0,923768.0,Africa,Abuja,10/1/1960,"['Zuma Rock', 'Aso Rock', 'Olumo Rock']",Eagle,Eagle,Federal Republic,"['Jollof Rice', 'Pounded Yam', 'Egusi Soup']",Islam,Muhammadu Buhari,right,Football,Eid al-Fitr,B
Niue,Alofi,NZD,"English, Niuean",1470.0,260.0,Oceania,Alofi,,,,,,,Christianity,,left,Football,,C
Norfolk Island,Kingston,AUD,"English, Norfuk",2302.0,36.0,Oceania,Kingston,,,,,,,Christianity,,left,Football,,C
North Korea,Pyongyang,KPW,Korean,25778815.0,120538.0,Asia,Pyongyang,9/9/1948,,,,One-Party State,"['Kimchi', 'Bibimbap', 'Jajangmyeon']",Chondoism,Kim Jong-un,right,Football,Day of the Sun,C
North Macedonia,Skopje,MKD,Macedonian,2077132.0,25713.0,Europe,Skopje,9/8/1991,"['Lake Ohrid', 'Skopje Fortress', 'Bitola']",,,Republic,"['Tavče Gravče', 'Ajvar', 'Sopska Salad']",Christianity,Stevo Pendarovski,right,Football,Independence Day,C
Northern Mariana Islands,Saipan,USD,"Carolinian, Chamorro, English",57557.0,464.0,Oceania,Saipan,,,,,,,Christianity,,right,Football,,C
Norway,Oslo,NOK,"Norwegian Nynorsk, Norwegian Bokmål, Sami",5379475.0,323802.0,Europe,Oslo,6/7/1905,"['Fjords', 'Northern Lights', 'Vigeland Park']",Lion,White-throated Dipper,Constitutional Monarchy,"['Raspeballer', 'Gravlaks', 'Kjøttkaker']",Christianity,Harald V,right,Handball,Constitution Day,B
Oman,Muscat,OMR,Arabic,5106622.0,309500.0,Asia,Muscat,12/1/1970,"['Jebel Akhdar', 'Nizwa Fort', 'Muscat']",,,Absolute Monarchy,"['Mashuai', 'Harees', 'Mabrouma']",Islam,Haitham bin Tariq,right,Football,Eid al-Fitr,C
Pakistan,Islamabad,PKR,"English, Urdu",220892331.0,881912.0,Asia,Islamabad,8/14/1947,"['Badshahi Mosque', 'Lahore Fort', 'Faisal Mosque']",Markhor,Chukar Partridge,Federal Republic,"['Biryani', 'Seekh Kebabs', 'Chapli Kebab']",Islam,Arif Alvi,left,Field Hockey,Eid ul-Fitr,B
Palau,Ngerulmud,USD,"English, Palauan",18092.0,459.0,Oceania,Ngerulmud,10/1/1994,"['Rock Islands', 'Koror', 'Babeldaob']",,,Republic,"['Tinola', 'Kebabs', 'Taro']",Christianity,Surangel Whipps Jr.,right,Basketball,Independence Day,C
Palestine,Ramallah,"EGP, ILS, JOD",Arabic,4803269.0,6220.0,Asia,Ramallah,11/15/1988,,,,,,Islam,Mahmoud Abbas,right,Football,Nakba Day,C
Panama,Panama City,"PAB, USD",Spanish,4314768.0,75417.0,North America,Panama City,11/3/1903,"['Panama Canal', 'Casco Viejo', 'San Blas Islands']",Harpy Eagle,Harpy Eagle,Republic,"['Sancocho', 'Ropa Vieja', 'Tamarindo']",Christianity,Laurentino Cortizo,right,Baseball,Carnival,C
Papua New Guinea,Port Moresby,PGK,"English, Hiri Motu, Tok Pisin",8947027.0,462840.0,Oceania,Port Moresby,9/16/1975,"['Kokoda Track', 'Rabaul', 'Mount Hagen']",Dugong,Bird-of-paradise,Constitutional Monarchy,"['Mumu', 'Kokoda', 'Pasta Salad']",Christianity,James Marape,left,Rugby,Independence Day,C
Paraguay,Asunción,PYG,"Guaraní, Spanish",7132530.0,406752.0,South America,Asunción,1811-05-14,"['Itaipú Dam', 'Asunción', 'Encarnación']",,,Republic,"['Sopa', 'Asado', 'Chipa']",Christianity,Mario Abdo Benítez,right,Football,Independence Day,C
Peru,Lima,PEN,"Aymara, Quechua, Spanish",32971846.0,1285216.0,South America,Lima,1821-07-28,"['Machu Picchu', 'Lake Titicaca', 'Nazca Lines']",Vicuña,Andean Cock-of-the-rock,Republic,"['Ceviche', 'Lomo Saltado', 'Aji de Gallina']",Christianity,Dina Boluarte,right,Football,Inti Raymi,C
Philippines,Manila,PHP,"English, Filipino",109581085.0,342353.0,Asia,Manila,1898-06-12,"['Chocolate Hills', 'Puerto Princesa Underground River', 'Rice Terraces']",Carabao (Water Buffalo),Philippine Eagle,Republic,"['Adobo', 'Sinigang', 'Lechon']",Christianity,Ferdinand Marcos Jr.,right,Basketball,Eid al-Fitr,B
Pitcairn Islands,Adamstown,NZD,English,56.0,47.0,Oceania,Adamstown,,,,,,,Christianity,,left,Football,,C
Poland,Warsaw,PLN,Polish,37950802.0,312679.0,Europe,Warsaw,6/4/1989,"['Wawel Castle', 'Auschwitz', 'Malbork Castle']",White-tailed Eagle,White-tailed Eagle,Republic,"['Pierogi', 'Bigos', 'Żurek']",Christianity,Andrzej Duda,right,Football,Constitution Day,B
Portugal,Lisbon,EUR,Portuguese,10305564.0,92090.0,Europe,Lisbon,1640-12-01,"['Belem Tower', 'Alcobaça Monastery', 'Sintra']",Iberian Wolf,Barcelos Rooster,Republic,"['Bacalhau', 'Caldo Verde', 'Pastéis de Nata']",Christianity,Marcelo Rebelo de Sousa,right,Football,Carnival,B
Puerto Rico,San Juan,USD,"English, Spanish",3194034.0,8870.0,North America,San Juan,,,,,,,Christianity,Pedro Pierluisi,right,Baseball,Fiesta de la Calle San Sebastián,C
Qatar,Doha,QAR,Arabic,2881060.0,11586.0,Asia,Doha,9/3/1971,"['Museum of Islamic Art', 'The Pearl-Qatar', 'Doha Corniche']",Arabian Oryx,,Absolute Monarchy,"['Machboos', 'Saloona', 'Harees']",Islam,Tamim bin Hamad Al Thani,right,Football,National Day,C
Republic of the Congo,Brazzaville,XAF,"French, Kikongo, Lingala",5657000.0,342000.0,Africa,Brazzaville,8/15/1960,,,,,,Christianity,,right,Football,,C
Romania,Bucharest,RON,Romanian,19286123.0,238391.0,Europe,Bucharest,1877-05-09,"['Bran Castle', 'Peleș Castle', 'Transfăgărășan Highway']",Lynx,Great White Pelican,Republic,"['Mămăligă', 'Sarmale', 'Ciorbă de burtă']",Christianity,Klaus Iohannis,right,Football,Great Union Day,C
Russia,Moscow,RUB,Russian,144104080.0,17098242.0,Europe,Moscow,12/25/1991,"['Red Square', 'Kremlin', 'Lake Baikal']",Brown Bear,,Federal Republic,"['Borscht', 'Pelmeni', 'Beef Stroganoff']",Christianity,Vladimir Putin,right,Ice Hockey,Victory Day,A
Rwanda,Kigali,RWF,"English, French, Kinyarwanda",12952209.0,26338.0,Africa,Kigali,7/1/1962,"['Volcanoes National Park', 'Nyungwe Forest', 'Lake Kivu']",,,Republic,"['Isombe', 'Ibihaza', 'Ubugari']",Christianity,Paul Kagame,right,Football,Kwita Izina,C
Réunion,Saint-Denis,EUR,French,840974.0,2511.0,Africa,Saint-Denis,,,,,,,Christianity,,right,Football,,C
Saint Barthélemy,Gustavia,EUR,French,4255.0,21.0,North America,Gustavia,,,,,,,Christianity,,right,Football,,C
"Saint Helena, Ascension and Tristan da Cunha",Jamestown,"GBP, SHP",English,53192.0,394.0,Africa,Jamestown,,,,,,,Christianity,,left,Football,,C
Saint Kitts and Nevis,Basseterre,XCD,English,53192.0,261.0,North America,Basseterre,9/19/1983,"['Brimstone Hill Fortress', 'Nevis Peak', 'Basseterre']",,,Constitutional Monarchy,"['Goat Water', 'Steamed Fish', 'Conch Fritters']",Christianity,Terrence Drew,left,Cricket,National Heroes Day,C
Saint Lucia,Castries,XCD,English,183629.0,616.0,North America,Castries,2/22/1979,"['Pitons', 'Sulphur Springs', 'Diamond Falls']",,,Constitutional Monarchy,"['Green Fig and Saltfish', 'Lambi', 'Baked Breadfruit']",Christianity,Philip J. Pierre,left,Cricket,La Rose Festival,C
Saint Martin,Marigot,EUR,French,38659.0,53.0,North America,Marigot,,,,,,,Christianity,,right,Football,,C
Saint Pierre and Miquelon,Saint-Pierre,EUR,French,6069.0,242.0,North America,Saint-Pierre,,,,,,,Christianity,,right,Football,,C
Saint Vincent and the Grenadines,Kingstown,XCD,English,110947.0,389.0,North America,Kingstown,10/27/1979,"['Bequia', 'Mustique', 'Saltwhistle Bay']",,,Constitutional Monarchy,"['Breadfruit', 'Saltfish', 'Lobster']",Christianity,Ralph Gonsalves,left,Football,Vincy Mas,C
Samoa,Apia,WST,"English, Samoan",198410.0,2842.0,Oceania,Apia,1/1/1962,"['To Sua Ocean Trench', 'Mount Vaea', 'Robert Louis Stevenson Museum']",,,Republic,"['Palusami', 'Sapasui', 'Faiai']",Christianity,Fiame Naomi Mataʻafa,left,Rugby,Independence Day,C
San Marino,City of San Marino,EUR,Italian,33938.0,61.0,Europe,City of San Marino,301-09-03,"['Guaita Fortress', 'Basilica di San Marino', 'Palazzo Pubblico']",,,Republic,"['Torta Tre Monti', 'Baccala alla Sanmarinese', 'Passatelli']",Christianity,Alessandro Cardelli,right,Football,National Day,C
Saudi Arabia,Riyadh,SAR,Arabic,34813867.0,2149690.0,Asia,Riyadh,9/23/1932,"['Mecca', 'Medina', 'Diriyah']",Arabian Camel,Falcon,Absolute Monarchy,"['Kabsa', 'Mandi', 'Mutabbaq']",Islam,Salman bin Abdulaziz Al Saud,right,Football,Saudi National Day,B
Senegal,Dakar,XOF,French,16743930.0,196722.0,Africa,Dakar,4/4/1960,"['Gorée Island', 'Lake Retba', 'African Renaissance Monument']",,African Fish Eagle,Republic,"['Thieboudienne', 'Yassa', 'Couscous']",Islam,Macky Sall,right,Football,Independence Day,C
Serbia,Belgrade,RSD,Serbian,6908224.0,88361.0,Europe,Belgrade,6/5/2006,"['Belgrade Fortress', 'Niš Fortress', 'Studenica Monastery']",Wolf,,Republic,"['Ćevapi', 'Sarma', 'Pita']",Christianity,Aleksandar Vučić,right,Football,Statehood Day,C
Seychelles,Victoria,SCR,"Seychellois Creole, English, French",98462.0,452.0,Africa,Victoria,6/29/1976,"[""Anse Source d'Argent"", 'Victoria', 'Morne Seychellois National Park']",,,Republic,"['Grilled Fish', 'Bredes', 'Seychellois Curry']",Christianity,Wavel Ramkalawan,left,Football,Independence Day,C
Sierra Leone,Freetown,SLL,English,7976985.0,71740.0,Africa,Freetown,4/27/1961,"['Tiwai Island', 'Freetown', 'Kuru Hills']",,,Republic,"['Jollof Rice', 'Fufu', 'Coconut Rice']",Islam,Julius Maada Bio,right,Football,Independence Day,C
Singapore,Singapore,SGD,"English, Chinese, Malay, Tamil",5685807.0,710.0,Asia,Singapore,8/9/1965,"['Marina Bay Sands', 'Gardens by the Bay', 'Sentosa']",Lion,Crimson Sunbird,Republic,"['Chilli Crab', 'Hainanese Chicken Rice', 'Laksa']",Buddhism,Halimah Yacob,left,Football,Chinese New Year,B
Sint Maarten,Philipsburg,ANG,"English, French, Dutch",40812.0,34.0,North America,Philipsburg,,,,,,,Christianity,William Marlin,right,Football,National Day,C
Slovakia,Bratislava,EUR,Slovak,5458827.0,49037.0,Europe,Bratislava,1/1/1993,"['Bratislava Castle', 'High Tatras', 'Spiš Castle']",Tatra Chamois,,Republic,"['Bryndzové Halušky', 'Kapustnica', 'Slovenská Klobása']",Christianity,Zuzana Čaputová,right,Ice Hockey,Slovak National Uprising Day,C
Slovenia,Ljubljana,EUR,Slovene,2100126.0,20273.0,Europe,Ljubljana,6/25/1991,"['Lake Bled', 'Postojna Cave', 'Triglav National Park']",,,Republic,"['Idrija Žlikrofi', 'Bogra', 'Jota']",Christianity,Nataša Pirc Musar,right,Skiing,Statehood Day,C
Solomon Islands,Honiara,SBD,English,686878.0,28896.0,Oceania,Honiara,7/7/1978,"['Guadalcanal', 'Savo Island', 'Rendova Island']",,,Constitutional Monarchy,"['Pineapple Chicken', 'Taro', 'Fried Fish']",Christianity,Manasseh Sogavare,left,Football,Independence Day,C
Somalia,Mogadishu,SOS,"Arabic, Somali",15893219.0,637657.0,Africa,Mogadishu,7/1/1960,"['Laas Geel', 'Mogadishu', 'Lido Beach']",,,Federal Republic,"['Bariis', 'Sambusa', 'Halwa']",Islam,Hassan Sheikh Mohamud,right,Football,Somali Independence Day,C
South Africa,Pretoria,ZAR,"Afrikaans, English, Southern Ndebele, Northern Sotho, Southern Sotho, Swazi, Tswana, Tsonga, Venda, Xhosa, Zulu",59308690.0,1221037.0,Africa,Pretoria,5/31/1910,"['Table Mountain', 'Kruger National Park', 'Robben Island']",Springbok,Blue Crane,Republic,"['Biltong', 'Braai', 'Bobotie']",Christianity,Cyril Ramaphosa,left,Rugby,Freedom Day,B
South Georgia,King Edward Point,SHP,English,30.0,3903.0,Antarctica,King Edward Point,,,,,,,,,right,,,C
South Korea,Seoul,KRW,Korean,51780579.0,100210.0,Asia,Seoul,8/15/1948,,Siberian Tiger,Magpie,Republic,"['Kimchi', 'Bibimbap', 'Bulgogi']",Christianity,Yoon Suk-yeol,right,Baseball,Seollal,B
South Sudan,Juba,SSP,English,11193729.0,619745.0,Africa,Juba,7/9/2011,"['Juba', 'Nimule National Park', 'Boma National Park']",,,Federal Republic,"['Sorghum Porridge', 'Beef Stew', 'Ful Medames']",Christianity,Salva Kiir Mayardit,right,Football,Independence Day,C
Spain,Madrid,EUR,"Spanish, Catalan, Basque, Galician",47351567.0,505992.0,Europe,Madrid,1492-10-12,"['Sagrada Familia', 'Alhambra', 'Park Güell']",Bull,,Constitutional Monarchy,"['Paella', 'Tortilla', 'Gazpacho']",Christianity,Pedro Sánchez,right,Football,La Tomatina,B
Sri Lanka,Sri Jayawardenepura Kotte,LKR,"Sinhala, Tamil",21919000.0,65610.0,Asia,Sri Jayawardenepura Kotte,2/4/1948,"['Sigiriya', 'Temple of the Tooth', ""Adam's Peak""]",Sri Lankan Elephant,Sri Lankan Junglefowl,Republic,"['Rice and Curry', 'Hoppers', 'Kottu']",Buddhism,Ranil Wickremesinghe,left,VolleyBall,Sinhala and Tamil New Year,C
Sudan,Khartoum,SDG,"Arabic, English",43849269.0,1886068.0,Africa,Khartoum,1/1/1956,"['Pyramids of Meroë', 'Nubian Desert', 'Khartoum']",,,,"['Ful Medames', 'Kebabs', 'Mullah']",Islam,Abdel Fattah al-Burhan,right,Football,Revolution Day,C
Suriname,Paramaribo,SRD,Dutch,586634.0,163820.0,South America,Paramaribo,11/25/1975,"['Paramaribo', 'Brownsberg Nature Park', 'Jodensavanne']",,,Republic,"['Pom', 'Moksi Alesi', 'Saoto Soup']",Christianity,Chandrikapersad Santokhi,left,Football,Independence Day,C
Svalbard and Jan Mayen,Longyearbyen,NOK,Norwegian,2562.0,61399.0,Europe,Longyearbyen,,,,,,,,,right,,,C
Sweden,Stockholm,SEK,Swedish,10353442.0,450295.0,Europe,Stockholm,,"['Vasa Museum', 'Gamla Stan', 'Drottningholm Palace']",Eurasian Elk,Common Blackbird,Constitutional Monarchy,"['Meatballs', 'Gravadlax', 'Surströmming']",Christianity,Ulf Kristersson,right,Ice Hockey,Midsummer,B
Switzerland,Bern,CHF,"French, Swiss German, Italian, Romansh",8654622.0,41284.0,Europe,Bern,1291-08-01,"['Matterhorn', 'Lake Geneva', 'Jungfrau']",Cow,,Federal Republic,"['Fondue', 'Rösti', 'Bircher Muesli']",Christianity,Alain Berset,right,Football,Federal Day,B
Syria,Damascus,SYP,Arabic,17500657.0,185180.0,Asia,Damascus,4/17/1946,"['Palmyra', 'Umayyad Mosque', 'Aleppo Citadel']",,,,"['Kibbeh', 'Hummus', 'Falafel']",Islam,Bashar al-Assad,right,Football,Independence Day,C
São Tomé and Príncipe,São Tomé,STN,Portuguese,219161.0,964.0,Africa,São Tomé,7/12/1975,,,,,,Christianity,Evaristo Carvalho,right,Football,Independence Day,C
Taiwan,Taipei,TWD,Chinese,23503349.0,36193.0,Asia,Taipei,10/1/1949,"['Taipei 101', 'Taroko Gorge', 'National Palace Museum']",Formosan Black Bear,Formosan Blue Magpie,Republic,"['Beef Noodle Soup', 'Xiao Long Bao', 'Oyster Omelette']",Buddhism,,right,Baseball,,B
Tajikistan,Dushanbe,TJS,"Russian, Tajik",9537642.0,143100.0,Asia,Dushanbe,9/9/1991,"['Pamir Mountains', 'Iskanderkul', 'Dushanbe']",,,Republic,"['Plov', 'Sambusa', 'Lagman']",Islam,Emomali Rahmon,right,Football,Navruz,C
Tanzania,Dodoma,TZS,"English, Swahili",59734213.0,945087.0,Africa,Dodoma,12/9/1961,"['Mount Kilimanjaro', 'Serengeti National Park', 'Ngorongoro Crater']",,,Republic,"['Nyama Choma', 'Ugali', 'Zanzibar Pizza']",Christianity,Samia Suluhu Hassan,left,Football,Saba Saba,C
Thailand,Bangkok,THB,Thai,69799978.0,513120.0,Asia,Bangkok,1238-01-01,"['Grand Palace', 'Ayutthaya', 'Phi Phi Islands']",Elephant,Siamese Fireback,Constitutional Monarchy,"['Pad Thai', 'Tom Yum', 'Green Curry']",Buddhism,Prayut Chan-o-cha,left,Muay Thai,Songkran,B
Timor-Leste,Dili,USD,"Portuguese, Tetum",1318442.0,14874.0,Oceania,Dili,5/20/2002,"['Tasi Tolu', 'Mount Ramelau', 'Dili']",,,Republic,"['Batar Da’an', 'Ikan Sabuko', 'Galinha Sopa']",Roman Catholic,José Ramos-Horta,left,Football,Independence Day,C
Togo,Lomé,XOF,French,8278737.0,56785.0,Africa,Lomé,4/27/1960,"['Koutammakou', 'Lake Togo', 'Fazao-Malfakassa National Park']",,,Republic,"['Aklui', 'Fufu', 'Tô']",Christianity,Faure Gnassingbé,right,Football,National Day,C
Tokelau,Fakaofo,NZD,"English, Samoan, Tokelauan",1411.0,12.0,Oceania,Fakaofo,,,,,,,Christianity,,left,Football,,C
Tonga,Nuku'alofa,TOP,"English, Tongan",105697.0,747.0,Oceania,Nuku'alofa,6/4/1970,"['Ha’amonga a Maui', 'Mount Talau', 'Tongatapu']",,,Constitutional Monarchy,"['Ota Ika', 'Lu Sipi', 'Faikakai']",Christianity,Pōhiva Tuʻiʻonetoa,left,Rugby,National Day,C
Trinidad and Tobago,Port of Spain,TTD,English,1399491.0,5130.0,North America,Port of Spain,8/31/1962,"['Pitch Lake', 'Nylon Pool', 'Fort King George']",,Scarlet Ibis,Republic,"['Pelau', 'Doubles', 'Bake and Shark']",Christianity,Paula-Mae Weekes,left,Cricket,Carnival,C
Tunisia,Tunis,TND,Arabic,11818618.0,163610.0,Africa,Tunis,3/20/1956,"['Amphitheatre of El Djem', 'Medina of Tunis', 'Carthage']",,,Republic,"['Couscous', 'Brik', 'Mechouia']",Islam,Kais Saied,right,Football,Independence Day,C
Turkey,Ankara,TRY,Turkish,84339067.0,783562.0,Europe,Ankara,10/29/1923,"['Hagia Sophia', 'Blue Mosque', 'Cappadocia']",Gray Wolf,,Republic,"['Kebabs', 'Baklava', 'Meze']",Islam,Recep Tayyip Erdoğan,right,Football,Republic Day,B
Turkmenistan,Ashgabat,TMT,"Russian, Turkmen",6031187.0,488100.0,Asia,Ashgabat,10/27/1991,"['Derweze', 'Merv', 'Kunya-Urgench']",Akhal-Teke Horse,,Republic,"['Kebabs', 'Pilaf', 'Shashlik']",Islam,Gurbanguly Berdimuhamedow,right,Football,Independence Day,C
Turks and Caicos Islands,Cockburn Town,USD,English,38718.0,948.0,North America,Cockburn Town,,,,,,,,,left,,,C
Tuvalu,Funafuti,"AUD, TVD","English, Tuvaluan",11792.0,26.0,Oceania,Funafuti,10/1/1978,"['Funafuti', 'Nanumea', 'Vaitupu']",,,Constitutional Monarchy,"['Fish', 'Taro', 'Coconut Crab']",Christianity,Kausea Natano,left,Football,,C
Uganda,Kampala,UGX,"English, Swahili",45741000.0,241550.0,Africa,Kampala,10/9/1962,"['Murchison Falls', 'Bwindi Impenetrable National Park', 'Lake Victoria']",Grey Crowned Crane,Grey Crowned Crane,Republic,"['Matoke', 'Posho', 'Rolex']",Christianity,Yoweri Kaguta Museveni,left,Football,Independence Day,C
Ukraine,Kyiv,UAH,Ukrainian,44134693.0,603500.0,Europe,Kyiv,8/24/1991,"['Kiev Pechersk Lavra', 'Chernobyl', 'Odessa Beach']",Nightingale,,Republic,"['Borscht', 'Vareniki', 'Holubtsi']",Christianity,Volodymyr Zelenskyy,right,Football,Independence Day,B
United Arab Emirates,Abu Dhabi,AED,Arabic,9890400.0,83600.0,Asia,Abu Dhabi,12/2/1971,"['Burj Khalifa', 'Palm Jumeirah', 'Sheikh Zayed Mosque']",Arabian Oryx,,Federal Monarchy,"['Al Harees', 'Machboos', 'Shawarma']",Islam,Mohammed bin Zayed Al Nahyan,right,Football,National Day,B
United Kingdom,London,GBP,English,67215293.0,242900.0,Europe,London,,"['Big Ben', 'Stonehenge', 'Edinburgh Castle']",Lion,European Robin,Constitutional Monarchy,"['Fish and Chips', 'Full English Breakfast', 'Roast Beef']",Christianity,Rishi Sunak,left,Football,Christmas,A
United States,"Washington, D.C.",USD,English,329484123.0,9372610.0,North America,"Washington, D.C.",1776-07-04,"['Statue of Liberty', 'Grand Canyon', 'White House']",Bald Eagle,Bald Eagle,Federal Republic,"['Burger', 'Hot Dog', 'Apple Pie']",Christianity,Joe Biden,right,American Football,Independence Day,A
United States Minor Outlying Islands,Washington DC,USD,English,300.0,34.2,Oceania,Washington DC,,,,,,,,,right,,,C
United States Virgin Islands,Charlotte Amalie,USD,English,106290.0,347.0,North America,Charlotte Amalie,,,,,,,,,right,,,C
Uruguay,Montevideo,UYU,Spanish,3473727.0,181034.0,South America,Montevideo,1825-08-25,"['Playa Brava', 'Punta del Este', 'Colonia del Sacramento']",Southern Lapwing,,Republic,"['Asado', 'Chivito', 'Milanesa']",Christianity,Luis Lacalle Pou,right,Football,Carnival,C
Uzbekistan,Tashkent,UZS,"Russian, Uzbek",34232050.0,447400.0,Asia,Tashkent,9/1/1991,"['Registan Square', 'Bukhara', 'Samarkand']",,,Republic,"['Plov', 'Shashlik', 'Samsa']",Islam,Shavkat Mirziyoyev,right,Football,Navruz,C
Vanuatu,Port Vila,VUV,"Bislama, English, French",307150.0,12189.0,Oceania,Port Vila,7/30/1980,"['Mount Yasur', 'Port Vila', 'Epi Island']",,,Republic,"['Laplap', 'Kokoda', 'Taro']",Christianity,Nikenike Vurobaravu,right,Football,Independence Day,C
Vatican City,Vatican City,EUR,"Italian, Latin",451.0,0.44,Europe,Vatican City,2/11/1929,"[""St. Peter's Basilica"", 'Sistine Chapel', 'Vatican Museums']",,,Elective Monarchy,"['Frittata', 'Pasta al Forno', 'Bruschetta']",Christianity,,right,,,C
Venezuela,Caracas,VES,Spanish,28435943.0,916445.0,South America,Caracas,1811-07-05,"['Angel Falls', 'Los Roques', 'Canaima National Park']",Turpial,Troupial,Republic,"['Arepas', 'Pabellón Criollo', 'Cachapas']",Christianity,Nicolás Maduro,right,Baseball,Carnival,C
Vietnam,Hanoi,VND,Vietnamese,97338583.0,331212.0,Asia,Hanoi,9/2/1945,"['Halong Bay', 'Hoan Kiem Lake', 'My Son Sanctuary']",,Red Junglefowl,One-Party State,"['Pho', 'Bánh Mì', 'Gỏi Cuốn']",Buddhism,Nguyễn Phú Trọng,right,Football,Tet Nguyen Dan,B
Wallis and Futuna,Mata-Utu,XPF,French,11750.0,142.0,Oceania,Mata-Utu,,,,,,,,,right,,,C
Western Sahara,El Aaiún,"DZD, MAD, MRU","Berber, Hassaniya, Spanish",510713.0,266000.0,Africa,El Aaiún,2/28/1976,,,,,,,,right,,,C
Yemen,Sana'a,YER,Arabic,29825968.0,527968.0,Asia,Sana'a,5/22/1990,"['Al Hudaydah', 'Sana’a', 'Shibam']",,,Republic,"['Mandi', 'Saltah', 'Fahsa']",Islam,Abdrabbuh Mansur Hadi,right,Football,Eid al-Fitr,C
Zambia,Lusaka,ZMW,English,18383956.0,752612.0,Africa,Lusaka,10/24/1964,"['Victoria Falls', 'South Luangwa National Park', 'Lake Tanganyika']",,,Republic,"['Nshima', 'Chikanda', 'Ifisashi']",Christianity,Hakainde Hichilema,left,Football,Independence Day,C
Zimbabwe,Harare,ZWL,"Chibarwe, English, Kalanga, Khoisan, Ndau, Northern Ndebele, Chewa, Shona, Sotho, Tonga, Tswana, Tsonga, Venda, Xhosa, Zimbabwean Sign Language",14862927.0,390757.0,Africa,Harare,4/18/1980,"['Victoria Falls', 'Great Zimbabwe Ruins', 'Hwange National Park']",,,Republic,"['Sadza', 'Biltong', 'Nyama']",Christianity,Emmerson Mnangagwa,left,Football,Independence Day,C
Åland Islands,Mariehamn,EUR,Swedish,29458.0,1580.0,Europe,Mariehamn,,,,,,,,,right,,,C
,,,,,,,,,,,,,,,,,,,
,,,,,,,,,,,,,,,,,,,
,,,,,,,,,,,,,,,,,,,
,,,,,,,,,,,,,,,,,,,
,,,,,,,,,,,,,,,,,,x ,
